"year","ISO_code","countries","ECONOMIC FREEDOM","rank","quartile","1a_government_consumption","1b_transfers","1c_gov_enterprises","1d_top_marg_tax_rate","1_size_government","2a_judicial_independence","2b_impartial_courts","2c_protection_property_rights","2d_military_interference","2e_integrity_legal_system","2f_legal_enforcement_contracts","2g_restrictions_sale_real_property","2h_reliability_police","2i_business_costs_crime","2j_gender_adjustment","2_property_rights","3a_money_growth","3b_std_inflation","3c_inflation","3d_freedom_own_foreign_currency","3_sound_money","4a_tariffs","4b_regulatory_trade_barriers","4c_black_market","4d_control_movement_capital_ppl","4_trade","5a_credit_market_reg","5b_labor_market_reg","5c_business_reg","5_regulation","pib","pib_per_cap","taxa_desemprego"
"2016","ALB","Albania","7.54","34","1","8.232352941","7.509902296","8","8","7.935563809","2.668221792","3.145461678","4.512227773","8.333333333","4.166666667","4.387444055","6.48528661","6.933499972","6.215400695","0.948717949","5.071813726","8.986454287","9.484575272","9.7436","10","9.55365739","8.963555556","7.489904631","10","6.406137855","8.21489951","7.098562307","6.916277916","6.705863193","6.906901139","3.31","3.48","15.2"
"2016","DZA","Algeria","4.99","159","4","2.15","7.817129014","0","4.5","3.616782254","4.186704158","4.327112635","4.689952135","4.166666667","5","4.507538039","6.626692153","6.136844953","6.737383207","0.820512821","4.690742835","6.955962198","8.339152127","8.72046","5","7.253893581","6.872533333","2.481294473","5.563909774","1.590361717","4.127024824","5.100508618","5.029512576","5.676955998","5.268992397","3.20","0.994","10.498"
"2016","AGO","Angola","5.17","155","4","7.6","8.886739306","0","9.5","6.496684826","1.843129164","1.974565724","2.512364187","3.333333333","4.166666667","2.302200397","5.455882288","3.016103987","4.291196631","0.846153846","2.963635116","9.385679482","4.986741972","3.054","5","5.606605364","6.989244444","2.024949049","10","2.044822683","5.264754044","7.064905164","4.560324821","4.930271338","5.518500441","-2.58","-5.492","0"
"2016","ARG","Argentina","4.84","160","4","5.335294118","6.048930423","6","4","5.346056135","3.689690033","2.93056349","4.255994558","7.5","3.333333333","3.632871823","6.857195103","3.385785818","4.13383166","0.769230769","3.904030401","5.233264399","5.224079496","2","10","5.614335974","6.4216","4.811105486","0","4.69748214","3.982546906","5.419820383","5.151405292","5.535830648","5.369018774","-2.08","-3.11","8.467"
"2016","ARM","Armenia","7.57","29","1","7.264705882","7.748532262","8","5","7.003309536","3.867378632","4.197568695","5.664316813","5.833333333","5","5.196692523","9.80196309","5.714027882","7.007653713","1","5.809214965","9.078263925","9.263495878","9.746","10","9.521939951","8.547555556","7.194410488","10","6.830997972","8.143241004","9.10204603","6.234629858","6.797530175","7.378068688","0.20","0.121","18"
"2016","AUS","Australia","7.98","10","1","4.511764706","6.664947872","10","5","6.544178144","8.766928513","5.610652765","7.998304367","10","9.166666667","6.025331188","8.205654997","8.707445463","6.790183385","1","7.919018594","8.564837584","9.500703526","9.74462","10","9.452540278","8.82","7.427103293","10","3.85978066","7.526720988","9.576357984","7.698589133","8.121630652","8.465525923","2.78","1.069","5.7"
"2016","AUT","Austria","7.58","27","1","3.744117647","3.10106205","10","3.5","5.086294924","7.650855382","5.482199589","8.092564742","10","10","6.220992578","8.10049394","8.501866658","7.194909255","1","7.915986905","8.033868574","9.875450532","9.822","10","9.432829777","8.266133333","8.254011088","10","5.906785912","8.106732583","9.12901455","5.56511786","7.419870158","7.371334189","2.08","0.794","6.033"
"2016","AZE","Azerbaijan","6.49","106","3","6.320588235","7.881207817","0","6.5","5.175449013","5.67688624","5.861118634","6.321835518","5","5.833333333","7.252962408","9.830311946","6.170494557","7.280192375","0.717948718","5.652732259","9.240397674","6.649350258","9.1642","5","7.513486983","7.973777778","6.799052322","10","4.093268413","7.216524628","7.467777943","6.076782453","7.080078226","6.874879541","-3.06","-4.188","5.043"
"2016","BHS","Bahamas","7.34","49","2","7.085294118","9.040503457","7","10","8.281449394","","6.7","","10","6.666666667","4.699256582","6.149350211","","","0.945945946","6.658107268","8.654100646","8.97551398","9.9308","0","6.890103656","3.253066667","8.105924622","10","5.384615385","6.685901668","8.622733199","8.361606213","7.523034376","8.169124596","-3.06","-4.188","5.043"
"2016","BHR","Bahrain","7.56","30","1","3.688235294","9.581704339","10","10","8.317484908","6.822563012","6.231400967","7.435712815","5","7.5","4.785814418","8.855314534","7.764705817","7.28725036","0.536585366","5.265601627","9.961595769","8.215417837","9.4404","10","9.404353401","8.5232","6.295594702","10","4.794819185","7.403403472","7.609167116","6.619417747","8.018773961","7.415786274","-3.06","-4.188","5.043"
"2016","BGD","Bangladesh","6.3","120","3","9.455882353","9.724590355","7","8","8.545118177","3.888845443","3.418127894","5.083289942","4.166666667","3.333333333","0.941148344","3.120478515","3.75496149","4.728147587","0.794871795","3.234259181","9.489123371","9.548043615","8.8973","0","6.983616746","6.5412","3.23863567","10","4.377654644","6.039372579","7.884083638","7.223646768","4.962579742","6.690103383","7.20","6.102","0"
"2016","BRD","Barbados","6.43","111","3","7.564494672","5.968941943","6","6","6.383359154","6.43016363","4.110034171","6.498498057","9.8","","3.803003329","6.174797134","7.495681957","4.895975012","0.871794872","5.756723061","6.434800471","9.203652018","9.98","0","6.404613122","7.282577778","5.661880367","10","5.415144845","7.089900747","6.286333333","7.139466704","6.148503081","6.524767706","2.48","2.205","9.65"
"2016","BLR","Belarus","6.23","123","4","5.085294118","4.460490463","10","7.5","6.761446145","","4.2","","5","5.833333333","6.970305125","9.943302288","","","0.72972973","5.525957318","8.698423241","0","7.632683846","5","5.332776772","7.704355556","9.728995482","10","1.269605131","7.175739042","3.850618466","7.188794038","8.092322015","6.37724484","-2.53","-2.701","1.017"
"2016","BEL","Belgium","7.32","52","2","2.491176471","2.010415679","10","1","3.875398037","7.683749198","5.396705867","7.907517752","10","8.333333333","5.565037753","4.767009987","7.667311827","6.278735797","1","7.066600168","8.094896529","9.808966854","9.6056","10","9.377365846","8.266133333","8.057298673","10","6.481454241","8.201221562","9.606065797","7.327516196","7.37437972","8.102653904","1.51","0.848","7.842"
"2016","BLZ","Belize","6.86","83","3","6.632643345","8.431259972","4","9","7.015975829","8.027163908","4.2","7.385106292","6.4","","3.329065561","7.288231811","3.329","4.767009987","0.837837838","5.137397422","9.412644974","9.545453008","9.86","0","7.204524495","6.619111111","6.87319263","10","4.709434454","7.050434549","9.947941843","7.018916776","6.684745014","7.883867878","0.09","-2.473","9.5"
"2016","BEN","Benin","5.98","134","4","7.458823529","9.771474636","4","3.5","6.182574541","3.35232695","4.098691146","4.988822142","6.3","","1.068746974","6.58160217","5.510087808","4.978126685","0.658536585","3.822761377","9.438972577","8.80256768","9.814","0","7.013885064","6.807733333","4.712943856","10","2.585506212","6.02654585","8.48792328","5.937581418","6.14228128","6.85592866","3.34","0.523","0"
"2016","BTN","Bhutan","7.02","73","2","4.447058824","9.899419951","7","8.5","7.461619694","6.159169673","5.319348177","6.705373923","9.2","","7.365354835","6.901202527","7.96943744","7.54739364","0.923076923","6.871067334","8.673922932","9.085121946","9.1246","0","6.72091122","6.471777778","7.433688339","10","1.424685799","6.332537979","7.765471604","8.664285342","6.674657871","7.701471606","7.41","6.101","2.1"
"2016","BOL","Bolivia","6.23","123","4","5.814705882","8.836512262","0","10","6.162804536","0.956256059","1.703646022","3.41251835","5","4.166666667","4.491576292","6.75412581","2.460317612","5.990888701","0.871794872","3.632945402","9.969644364","8.30055652","9.275","10","9.386300221","7.749177762","3.981029993","10","6.21796113","6.987042221","7.630666667","3.948479495","3.346665694","4.975270619","4.26","2.847","3.463"
"2016","BIH","Bosnia and Herzegovina","6.6","98","3","5.582352941","5.352167397","4","6.5","5.358630085","3.081718287","2.357058128","3.628379503","5.1","","3.79305681","7.837119866","4.37454462","5.173087915","0.871794872","4.134907779","8.806768787","9.707141922","9.749712","5","8.315905677","8.551866667","7.16936923","10","5.4178715","7.784776849","9.561233572","7.399740811","5.27986296","7.413612448","3.21","3.777","25.4"
"2016","BWA","Botswana","7.43","44","2","3.644117647","7.164032698","7","9","6.702037586","5.342911085","5.415025353","6.81322813","8.333333333","5.833333333","3.072296317","7.813293278","6.060113112","5.566627185","0.974358974","5.950516249","8.753210986","8.227721908","9.2462","10","9.056783223","5.944","7.514893678","10","7.25920774","7.679525354","8.85675282","7.509680418","6.942897381","7.769776873","4.30","2.4","0"
"2016","BRA","Brazil","5.75","144","4","4.714705882","5.786374387","4","6","5.125270067","5.175664425","3.006006082","5.518025557","6.666666667","3.333333333","3.663252449","8.354687983","4.299419323","2.80659","0.923076923","4.575175835","9.103944726","9.532096557","8.2522","5","7.972060321","7.261777778","5.508447048","10","5.230938454","7.00029082","4.540030543","4.149861283","3.590036191","4.093309339","-3.29","-4.077","11.258"
"2016","BRN","Brunei Darussalam","6.93","77","2","0","","","10","5","5.154732068","3.52338473","5.659206708","8.333333333","8.333333333","4.171103526","4.802773258","6.560233433","7.161271572","0.794871795","5.35463823","9.498932855","5.837362927","9.85354","10","8.797458945","9.2584","3.76135686","10","5.199615301","7.05484304","9.128576258","8.686707881","7.51395396","8.443079366","-2.46","-3.6","8.5"
"2016","BGR","Bulgaria","7.41","46","2","5.747058824","5.846511721","8","8.5","7.023392636","3.325276375","3.326449394","4.183209737","8.333333333","5","5.083931827","8.6876519","4.260773262","4.903684855","0.846153846","4.831211352","8.462607943","9.454486725","9.8403","10","9.439348667","8.266133333","7.60403645","10","6.619250103","8.122354972","9.610571569","7.035682204","6.191990217","7.612747996","3.81","4.571","7.666"
"2016","BFA","Burkina Faso","6.05","129","4","3.121846414","10","2","6.5","5.405461604","1.853980189","3.594626659","4.163926422","3.333333333","5.833333333","2.139195153","4.789216241","5.077216989","4.677293378","0.871794872","3.68765653","9.902544898","8.632590243","9.9506","0","7.121433785","7.367733333","4.538208791","10","4.510638729","6.604145213","9.008980282","7.158336143","6.115344272","7.427553566","5.96","2.914","0"
"2016","BDI","Burundi","5.92","138","4","5.961764706","10","2","6.5","6.115441176","2.094861268","2.993569176","3.376284838","1.7","","2.65461566","8.546312702","3.36015145","4.672147433","0.902439024","3.495487069","8.401181798","8.048301011","8.8924","5","7.585470702","6.897955556","2.403250258","10","5.141874781","6.110770149","5","7.803309627","6.012328137","6.271879255","-0.63","-3.709","0"
"2016","KHM","Cambodia","7.17","64","2","9.879411765","9.712056102","2","10","7.897866967","2.700124185","3.114145796","4.658861955","6","","1.824541681","7.52818438","3.317419688","5.079974333","1","4.277906502","8.197496697","9.641029707","9.39561","10","9.308534101","7.644711111","4.597889975","10","7.05360867","7.324052439","9.5","6.548741864","5.135845438","7.061529101","6.86","5.176","0"
"2016","CMR","Cameroon","5.82","141","4","7.379411765","9.567100156","7","4.5","7.11162798","3.431263765","4.199537039","5.102848212","5","3.333333333","2.168525641","3.374665576","5.398001672","4.319142898","0.585365854","3.19956054","9.586798971","9.474437844","9.82686","0","7.222024204","5.495733333","2.363001307","10","2.360347603","5.054770561","7.166555065","7.334711926","5.08887533","6.53004744","4.65","2.096","0"
"2016","CAN","Canada","7.98","10","1","3.923529412","7.172715823","8","5","6.024061309","8.648412228","6.388168335","8.380740483","10","9.166666667","3.645024073","8.971140462","8.817169667","6.866138777","1","7.875940077","8.992624796","9.610223175","9.716","10","9.579711993","7.0476","7.922217488","10","6.747176283","7.929248443","9.7121406","8.179867489","7.652363697","8.514790596","1.00","-0.047","6.992"
"2016","CPV","Cape Verde","6.68","93","3","5.123061072","9.359980869","0","6","5.120760485","5.43920358","3.724713922","5.316383043","8.4","","6.058581633","8.828180929","5.422616005","5.006093978","1","6.024471636","8.485153825","9.299383624","9.7186","5","8.125784362","6.697777778","5.785791275","10","6.319317844","7.200721724","9.306979306","4.893458536","6.568007428","6.92281509","1.00","-0.047","6.992"
"2016","CAF","Central Afr. Rep.","5.11","156","4","9.702941176","9.58009584","4","5","7.070759254","","2.5","","0.8","","0.508171469","4.966733578","","","0.692307692","1.856229914","8.648341026","8.406191701","9.08","0","6.533633182","4.490222222","2.637307488","10","1.488297438","4.653956787","8.195","3.251725385","4.80489017","5.417205185","1.00","-0.047","6.992"
"2016","TCD","Chad","5.44","150","4","10","9.918256131","10","1","7.729564033","1.782996655","2.867790263","3.16675663","3.686306622","","2.223210769","4.928058589","2.899315357","3.249397675","0.717948718","2.663232022","9.211357464","7.912860739","9.78","0","6.726054551","6.3126","2.025777308","10","2.14664496","5.121255567","5.96007812","5.363152564","3.536916385","4.953382356","-5.56","-8.483","0"
"2016","CHL","Chile","7.8","15","1","6.629411765","7.891641773","10","7","7.880263385","6.439824898","4.708226323","7.06916809","7.5","7.5","5.109379145","9.066918247","8.145647048","5.205232302","0.902439024","6.42013942","8.713567963","9.369285721","9.2428","10","9.331413421","9.470666667","7.029769477","10","6.573815995","8.268563035","8.947500322","5.170611125","7.176758575","7.098290007","1.71","0.618","6.685"
"2016","CHN","China","6.46","108","3","3.861764706","8.294277929","2","6","5.039010659","5.823229153","5.173021555","5.960284868","5","5.833333333","5.739974919","8.513846662","5.981355508","6.310324668","0.871794872","5.650259343","9.981750724","9.587956452","9.6","5","8.542426794","8.211422222","6.220092258","10","2.403916296","6.708857694","7.133781301","5.539547608","6.400861149","6.358063353","6.85","6.224","4.02"
"2016","COL","Colombia","6.5","105","3","5.097058824","7.840214037","10","4.5","6.859318215","3.268849055","2.75427103","4.801660777","4.166666667","3.333333333","2.217134643","9.091960087","3.923158248","3.169451555","0.871794872","3.819135946","9.064892039","9.334368259","8.4966","5","7.973965074","7.820355556","4.319062875","9.53442623","5.569295801","6.810785115","8.882960013","5.837183668","6.413231872","7.044458518","2.09","0.946","9.217"
"2016","COD","Congo, Dem. R.","5.67","148","4","7.676470588","8.850408719","8","4","7.131719827","2.318284512","3.119046489","3.964802822","2.5","1.666666667","0.970058556","5.633134241","3.939285675","5.738034248","0.585365854","2.629004551","8.783998578","9.23882598","6.36","5","7.345706139","7.750755556","2.017236551","10","2.270817259","5.509702341","6.333333333","5.805843565","5.107181429","5.748786109","3.46","0.709","0"
"2016","COG","Congo, Rep. Of","5.02","157","4","5.435294118","9.898215245","4","4","5.833377341","","3.7","","5","3.333333333","3.011738204","3.960541938","","","0.707317073","3.244860837","7.762544875","5.373309836","9.28","0","5.603963678","7.989288889","0","10","1.543610258","4.883224787","6.057331507","5.657673442","4.938541785","5.551182245","3.46","0.709","0"
"2016","CRI","Costa Rica","7.55","33","1","5.435294118","8.50132522","10","6.5","7.609154834","7.255743345","4.389432271","6.302503745","10","5","3.523501568","8.674490181","6.097735563","5.408519108","0.871794872","5.891154675","9.509110914","9.610662095","9.99918","10","9.779738252","7.962311111","6.090374352","10","7.961562034","8.003561874","6.798087824","6.145050888","6.40425362","6.449130777","4.25","3.007","9.541"
"2016","CIV","Cote d'Ivoire","6","132","4","7.335294118","9.958248538","4","2","5.823385664","4.291210609","4.837725315","5.402195014","3.333333333","4.166666667","3.974267539","7.000559719","5.083333651","4.630969013","0.923076923","4.564130434","9.093015936","9.757351142","9.8548","0","7.17629177","5.7744","2.929833805","10","3.216520705","5.480188627","8.693333333","5.93077851","6.203657255","6.942589699","4.25","3.007","9.541"
"2016","HRV","Croatia","6.96","75","2","4.438235294","4.297314868","8","2","4.68388754","3.154351313","1.765374938","4.383976857","8.333333333","7.5","4.642387391","7.513402326","6.074648698","7.244429588","0.948717949","5.479351478","7.120634665","9.644659951","9.78","10","9.136323654","8.568355556","8.306175881","10","5.878025305","8.188139185","9.409517953","6.372155702","6.081175527","7.287616394","3.48","4.227","14.958"
"2016","CYP","Cyprus","7.71","18","1","6.520588235","6.235337445","10","6.5","7.31398142","6.091953118","4.238452713","5.868837038","8.333333333","8.333333333","4.003515462","6.411309995","6.150461038","6.891518433","0.897435897","5.937152237","8.736025105","9.508918848","9.7142","10","9.489785988","8.266133333","7.870572007","10","6.99551827","8.283055903","9.575116132","6.212178254","6.855926718","7.547740368","6.75","6.581","12.95"
"2016","CZE","Czech Rep.","7.56","30","1","3.226470588","3.353893802","10","6.5","5.770091097","5.827378432","3.046967784","6.05143547","10","8.333333333","3.806148738","8.155976401","6.261775493","7.528491815","0.923076923","6.304648234","7.90190933","9.772818798","9.87214","10","9.386717032","8.266133333","8.416627262","10","6.255504475","8.234566268","9.768837707","8.119501152","6.378849601","8.08906282","6.75","6.581","12.95"
"2016","DNK","Denmark","7.77","16","1","1.505882353","4.53071545","8","2.5","4.134149451","8.569609323","5.976064206","8.181675275","10","10","5.393731649","9.727176308","7.924672763","6.92485094","1","8.077531163","9.847807722","9.656597207","9.95","10","9.863601232","8.266133333","8.207246873","10","7.372650501","8.461507677","9.769573842","7.316828066","7.875362985","8.320588298","3.25","2.388","6.017"
"2016","DOM","Dominican Rep.","7.18","62","2","7.747058824","9.585596595","6","8","7.833163855","2.225284577","2.809914747","4.820466438","5","4.166666667","3.533008807","8.031916106","2.43088444","3.252709707","1","4.03009461","8.961171242","9.260430077","9.6772","10","9.47470033","7.908088889","7.079630917","10","6.79376537","7.945371294","8.333333333","6.013669306","5.506610353","6.617870998","2.52","2.522","0"
"2016","ECU","Ecuador","6.06","127","4","6.076470588","9.591280654","2","5","5.666937811","1.163915197","2.144682507","3.805727562","2.5","4.166666667","4.870378551","8.591535377","4.841975768","4.552739462","0.871794872","3.809895071","9.360712359","9.002463704","9.656","5","8.254794016","6.318844444","4.179157569","10","5.500476223","6.499619559","8.5687848","4.940572775","4.629035389","6.046130988","-1.23","-2.72","5.21"
"2016","EGY","Egypt","5.72","147","4","8.197058824","7.070287241","2","7","6.066836516","6.872851848","4.090909163","4.882154862","1.666666667","5","3.408055189","8.220974827","6.329966387","5.673400562","0.538461538","3.944015342","6.342617213","9.018847101","7.2372","10","8.149666078","4.9","3.68132112","9.182630907","4.705836927","5.617447238","4","4.85299131","5.603716045","4.818902452","4.35","2.958","12.705"
"2016","SLV","El Salvador","7.15","67","2","8.244117647","9.472089148","8","8","8.429051699","3.724076748","2.567251921","4.165202777","4.166666667","2.5","3.833383955","8.165020936","2.286652327","0.778195858","1","3.576272354","9.52433648","9.829957916","9.87922","10","9.808378599","8.227555556","6.567555882","10","5.918338586","7.678362506","8.394468689","4.44656236","5.889922988","6.243651346","2.54","2.042","7.1"
"2016","EST","Estonia","7.86","13","1","3.473529412","6.061366019","7","7","5.883723858","7.83907493","5.534038941","7.342769305","8.333333333","6.666666667","5.704890202","9.504907725","8.341100217","7.707635562","1","7.441601876","7.825200968","9.511280261","9.97018","10","9.326665307","8.266133333","8.489838302","10","6.981259352","8.434307747","10","6.263752386","8.339997599","8.201249995","2.63","2.602","6.758"
"2016","ETH","Ethiopia","5.73","146","4","8.179411765","9.105664995","4","5","6.57126919","4.472307363","4.296224713","5.336213907","1.666666667","7.5","5.546758592","7.044972227","5.022476515","5.690726438","0.794871795","4.644365028","9.019101689","5.366032594","8.5468","0","5.732983571","5.232266667","3.459840483","10","1.533810508","5.056479414","7.073286052","7.286482154","5.575413575","6.645060594","8.00","6.299","0"
"2016","FJI","Fiji","6.79","88","3","3.494117647","9.462710641","6","5","5.989207072","","4.6","","7.9","","5.10906166","7.709818901","","","0.918918919","6.073109864","7.33357079","9.22628899","9.2272","0","6.446764945","4.957777778","6.42368605","10","5","6.595365957","9.40023194","9.293303107","7.82016146","8.837898836","2.51","1.609","5.5"
"2016","FIN","Finland","7.65","22","1","2.858823529","3.245496168","8","2.5","4.151079924","9.697463512","7.981029352","9.288065433","10","10","5.82513654","7.796890889","9.688242277","8.906801542","1","8.79818106","7.836624827","9.676779653","9.9288","10","9.36055112","8.266133333","8.503810324","10","6.16176319","8.232926712","9.464505523","5.200684982","8.488581708","7.717924071","2.71","2.419","8.792"
"2016","FRA","France","7.25","57","2","2.961764706","2.418467067","8","3.5","4.220057943","7.129147053","5.673480431","7.290585042","8.333333333","8.333333333","6.430501438","6.390856768","7.81939586","6.537079812","0.948717949","6.922031615","8.134101246","9.823007965","9.96334","10","9.480112303","8.266133333","7.675565494","10","6.770505407","8.178051059","9.439526677","5.623802444","7.312512233","7.458613785","1.09","0.832","10.042"
"2016","GAB","Gabon","5.84","140","4","3.670588235","9.809264305","8","3.5","6.244963135","3.433124849","3.636299365","5.147555158","3.333333333","5","2.915889045","4.620809784","4.898989995","5.933838061","0.804878049","3.902531341","8.449105994","8.331485987","9.57866","0","6.589812995","6.283","3.698870375","10","2.785869131","5.691934877","8.109333333","7.267349227","4.980851193","6.785844584","2.09","-0.467","0"
"2016","GMB","Gambia, The","7.34","49","2","8.323529412","9.57951005","4","8","7.475759865","4.601054588","5.131618579","5.84167401","3.333333333","5.833333333","5.094458646","6.254444922","7.65386502","6.935591698","0.948717949","5.486655889","9.045848707","9.399697273","8.556","10","9.250386495","6.476933333","5.194549431","10","8.237550146","7.477258228","7.171384479","7.948378035","5.915148776","7.011637097","2.09","-0.467","0"
"2016","GEO","Georgia","8.02","7","1","5.252941176","6.882547545","8","10","7.53387218","4.283440113","4.026938677","6.128195127","5.3","","6.797722855","9.981100763","6.965083282","7.029692332","1","6.314021643","8.342321002","8.975868272","9.57302","10","9.222802318","9.293555556","7.597464817","10","7.361525102","8.563136369","9.800843961","7.821111578","7.839425682","8.487127074","2.91","2.722","14"
"2016","DEU","Germany","7.69","20","1","3.858823529","3.064661083","10","5","5.480871153","7.527478537","6.966449023","7.59893179","10","8.333333333","5.828996821","6.814874361","7.23496437","6.643223763","1","7.438694666","8.144176467","9.871175995","9.90334","10","9.479673116","8.266133333","8.008148326","10","5.919488324","8.048442496","8.333333333","7.439249947","8.186735688","7.986439656","2.23","1.408","4.158"
"2016","GHA","Ghana","6.6","98","3","5.441176471","9.63760218","6","7","7.019694663","6.030292512","5.297510425","5.514082113","5","4.166666667","3.716264023","7.073726167","6.449960073","5.558564663","0.975609756","5.356873168","7.115380998","9.27077697","6.50522","5","6.972844492","7.289955556","4.413254401","10","4.274291004","6.49437524","8.396786421","6.63616546","6.420036384","7.150996088","3.45","1.197","0"
"2016","GRC","Greece","6.46","108","3","5.161764706","3.856036481","6","2.5","4.379450297","4.69250838","2.280541062","4.809173743","8.333333333","7.5","4.125037966","8.044201311","5.647686323","6.574106217","1","5.778509815","7.639092607","9.675467098","9.835","5","8.037389926","8.266133333","7.937076354","10","4.512624813","7.678958625","7.901020436","4.970784094","6.432167467","6.434657332","-0.19","0.497","23.55"
"2016","GTM","Guatemala","7.64","23","1","8.735294118","9.878645923","10","9.5","9.52848501","4.251178105","3.132364949","4.98466134","6.666666667","4.166666667","3.389826813","8.330186722","2.99720486","2.561612527","0.948717949","4.382490053","9.260377511","9.859237335","9.11032","10","9.557483712","8.600088889","6.301314946","10","7.874347843","8.19393792","9.626412478","3.989727385","6.034087865","6.55007591","2.68","0.633","0"
"2016","GIN","Guinea","5.93","137","4","9.63864203","","6","4","6.54621401","2.5","2.761600415","5.883838335","0.833333333","4.166666667","5.386550715","6.242903538","1.969697078","4.076923132","0.717948718","3.227979181","9.416952603","8.988583483","8.37404","5","7.944894022","7.4058","3.134835406","6.584022039","3.182432437","5.07677247","10","5.148930432","5.477344873","6.875425102","10.83","8.125","0"
"2016","GNB","Guinea-Bissau","5.25","154","4","7.632352941","","0","6.5","4.710784314","","3.2","","3.333333333","4.166666667","3.298684935","7.284924795","","","0.794871795","3.82013508","6.73491852","7.69989509","9.66114","0","6.023988402","7.4534","4.327838322","10","1.158994874","5.735058299","7.542109783","3.462646795","6.880349079","5.961701886","5.31","3.04","0"
"2016","GUY","Guyana","6.31","119","3","5.273529412","","6","6.5","5.924509804","3.858248442","4.11958665","4.534600612","6.666666667","2.5","4.445418054","7.637462621","2.98569714","4.381482472","0.923076923","4.39414131","9.794409848","8.671484013","9.8524","5","8.329573465","6.4684","3.838338956","10","5.344559395","6.412824588","6.333333333","7.172132189","5.920868633","6.475444718","3.36","2.514","0"
"2016","HTI","Haiti","6.51","104","3","8.805882353","9.916893733","7","8","8.430694021","2.37179478","2.376530568","2.789855003","0","2.5","3.881900279","2.731892463","3.435374102","3.633333445","0.897435897","2.500470609","7.921583117","8.709534666","7.2334","5","7.216129446","7.008","6.224253328","10","6.784086284","7.504084903","8.24","7.939369679","4.479477777","6.886282485","1.45","0.171","0"
"2016","HND","Honduras","7.06","70","2","7.129411765","10","8","9","8.532352941","2.765332858","2.923702797","4.616055488","4.166666667","2.5","2.861203918","7.57826806","2.582917213","2.159978548","0.923076923","3.435269824","8.479689797","9.239409003","9.455508","10","9.2936517","8.413422222","4.830846673","10","5.625966008","7.217558726","9.425145502","5.129003321","5.919401559","6.824516794","3.89","2.099","4.668"
"2016","HKG","Hong Kong","8.97","1","1","7.917647059","9.436171854","7","10","8.588454728","8.520599207","7.498802742","8.629629612","8.333333333","8.333333333","6.129145941","6.949194442","8.869731427","7.984495958","1","7.916473999","9.14559413","9.607262647","9.523","10","9.568964194","9.997777778","8.836084971","10","8.46201321","9.32396899","10","9.372956161","8.946527267","9.439827809","3.89","2.099","4.668"
"2016","HUN","Hungary","7.22","59","2","3.270588235","5.29140008","4","7","4.890497079","3.592558305","2.721947233","3.840788205","10","6.666666667","4.993678842","8.025707157","5.799365043","7.632652918","1","5.919262708","9.341476669","9.580795791","9.91986","10","9.710533115","8.266133333","7.596592917","10","5.952098239","7.953706122","9.694130527","6.8718116","6.332061749","7.632667959","2.20","2.47","5.115"
"2016","ISL","Iceland","7.22","59","2","2.347058824","7.957880124","8","3.5","5.451234737","7.954019705","6.783351501","8.173315525","10","10","6.775094571","8.750492215","8.9432621","8.214600882","1","8.3993485","9.22481209","9.335315307","9.66106","0","7.055296849","7.323155556","7.005181229","10","4.318506459","7.161710811","8.333333333","7.671092256","8.02413422","8.009519936","6.63","5.528","3.008"
"2016","IND","India","6.63","96","3","6.9","8.977771391","7","8","7.719442848","5.600236257","5.73952953","5.59952577","6.666666667","7.5","3.116401178","6.23716602","5.93436877","5.641180675","0.783783784","5.156629041","9.77804308","9.009293642","9.0118","5","8.199784181","6.291644444","3.942885148","10","2.056241781","5.572692843","6.549083928","6.366090816","6.576970184","6.497381642","8.26","6.851","0"
"2016","IDN","Indonesia","7.16","65","2","7.623529412","9.120230308","7","7.5","7.81093993","5.609980425","4.970558087","6.030970415","4.166666667","4.166666667","3.154432491","6.750077776","5.49102068","5.27679205","0.926829268","4.883138286","9.878061734","9.560352733","9.295","10","9.683353617","7.937333333","4.856197832","10","5.194911543","6.997110677","8.074054736","4.629365778","6.584825527","6.429415347","5.03","3.851","5.61"
"2016","IRN","Iran","6.03","130","4","5.514705882","7.989100817","4","10","6.875951675","4.379496972","3.836039901","4.744957288","7.5","6.666666667","5.625799005","7.899555098","5.58787187","5.731089115","0.585365854","4.577433516","8.809327715","4.996014572","9.92","10","8.431335572","4.066666667","2.620992474","10","1.680915709","4.592143712","6.405750654","4.841266934","5.763464346","5.670160645","5.03","3.851","5.61"
"2016","IRQ","Iraq","5.4","152","4","4.005882353","7.986877958","0","9","5.248190078","","3","","0","2.5","4.838302704","7.162484835","","","0.585365854","2.774515098","6.304900363","4.442080834","8.2862","10","7.258295299","9.733333333","0.458579882","9.612468408","1.15385","5.239557906","7.122455508","6.469939546","5.833444794","6.475279949","5.03","3.851","5.61"
"2016","IRL","Ireland","8.07","5","1","3.735294118","7.013149827","10","4.5","6.312110986","8.809975783","5.323138238","8.293745518","10","10","3.931480739","8.582895926","7.993029753","6.554349263","1","7.720957247","7.825451789","9.195889134","10","10","9.255335231","8.266133333","7.948170038","10","8.182522391","8.599206441","9.175694437","7.924837311","8.297208783","8.46591351","3.68","2.43","8.392"
"2016","ISR","Israel","7.49","38","1","3.276470588","6.733057856","10","5","6.252382111","8.43117714","5.642482042","7.585438093","4.166666667","8.333333333","3.462740316","5.740858494","6.804161867","6.714253425","0.948717949","6.158069038","8.235197935","9.473370483","9.8912","10","9.399942105","8.518266667","6.672071971","10","7.657547415","8.211971513","9.581152547","5.416958682","7.235172884","7.411094704","3.98","1.953","4.8"
"2016","ITA","Italy","7.27","54","2","4.835294118","3.456202044","10","3.5","5.44787404","5.016025702","1.987938086","5.041962465","10","6.666666667","3.596415071","8.251282756","5.767509143","5.055023828","1","5.709202635","7.959195877","9.820278621","9.97534","10","9.438703624","8.266133333","8.165522032","10","6.570847362","8.250625682","9.555465534","6.773604721","6.12877977","7.485950008","1.29","1.511","11.667"
"2016","JAM","Jamaica","7.18","62","2","7.344117647","8.377776974","7","7","7.430473655","6.40191396","4.077672759","5.980085532","10","3.333333333","3.269386227","6.4384436","4.565118552","2.870403528","0.945945946","5.07420081","5.396578481","9.442277331","9.5302","10","8.592263953","5.055111111","6.194085463","10","6.190210081","6.859851664","9.555611641","7.959689758","6.36073136","7.958677586","1.50","1.392","13.2"
"2016","JPN","Japan","7.47","41","2","4.070588235","4.070482659","7","3","4.535267724","8.386194707","6.415284078","8.449327152","8.333333333","8.333333333","6.329708858","7.847784736","8.60521396","7.379616897","0.948717949","7.586986576","8.639288707","9.482666466","9.97668","10","9.524658793","7.669777778","7.28825604","10","5.025321947","7.495838941","8.6918932","8.099231889","7.799874222","8.19699977","0.52","0.536","3.108"
"2016","JOR","Jordan","7.46","42","2","7.047470675","7.799966129","8","7.5","7.586859201","6.592276892","5.075326959","6.515979767","7.5","6.666666667","3.730498767","6.720311827","8.246834278","6.497412523","0.487804878","4.756454971","9.35150056","9.278308673","9.8426","10","9.618102308","7.105244444","5.965925137","10","7.245811744","7.579245331","8.720432225","7.674678501","6.92087389","7.771994872","2.07","-1.131","15.275"
"2016","KAZ","Kazakhstan","7.11","69","2","6.502941176","8.551374301","6","9","7.513578869","4.394828877","4.183243314","5.150169532","8.333333333","5.833333333","6.339410345","9.900981545","5.198336442","6.912614505","0.743589744","5.44835482","8.934768635","8.172617356","7.098","10","8.551346498","7.775555556","5.304186264","10","3.012095885","6.522959426","8.529628801","7.212836376","6.871849907","7.538105028","1.10","-0.301","4.951"
"2016","KEN","Kenya","7.2","61","2","7.470588235","9.814190784","6","8","7.821194755","5.389723778","4.758830468","5.966263612","6.666666667","3.333333333","4.420377014","6.874879089","5.118939877","3.459330002","0.923076923","4.913284598","8.90728338","9.228693299","8.7405","10","9.21911917","6.7424","5.435535629","10","4.564243622","6.685544813","8.089669897","7.721985745","6.28179917","7.364484937","5.88","2.964","0"
"2016","KOR","Korea, South","7.53","35","1","4.770588235","7.035129654","10","5.5","6.826429472","4.656666517","4.433333278","6.560833453","6.666666667","8.333333333","7.507404125","8.219626884","7.120833397","6.322499912","0.923076923","6.391153586","8.909139487","9.721390509","9.806","10","9.609132499","5.595555556","7.475990014","10","7.206282075","7.569456911","9.316575511","4.821980601","7.591027064","7.243194392","2.95","2.539","3.675"
"2016","KWT","Kuwait","6.75","90","3","1.052941176","6.896331062","7","10","6.23731806","6.028138002","4.866457978","6.03773435","8.333333333","6.666666667","5.068858974","9.174171069","6.659853458","6.743341287","0.487179487","4.922444725","9.357262497","4.649800401","9.362","10","8.342265724","8.778133333","4.447949492","10","4.135558249","6.840410269","10","6.576804992","5.715470457","7.430758483","2.93","-0.545","1.248"
"2016","KGZ","Kyrgyz Republic","6.93","77","2","6.667647059","7.149458315","6","8.5","7.079276344","3.523620367","3.311098417","4.201662143","4","","4.518921969","9.868110421","4.098532597","5.561542512","0.743589744","4.259098098","8.6401669","8.881935059","9.9158","10","9.35947549","8.133244444","6.231933207","10","4.910687214","7.318966216","8.456656231","5.582524883","5.882274949","6.640485354","4.34","2.179","7.211"
"2016","LAO","Laos","6.91","81","2","6.523529412","9.8369215","6","9","7.840112728","4.719754855","4.621006052","4.829061827","7.6","","5.205943175","8.669629176","5.459108353","6.3931036","1","5.93720088","6.102189957","8.543205093","9.6982","5","7.335898763","8.198222222","3.543067388","10","5.580300225","6.830397459","9.126884045","4.852489699","5.790724909","6.590032884","7.02","5.387","0"
"2016","LVA","Latvia","7.64","23","1","5.094117647","7.019054772","8","6.5","6.653293105","4.374066592","2.662994862","5.061287085","8.333333333","8.333333333","5.526466726","9.030740107","5.433932145","7.0149827","1","6.196792987","7.845655558","9.474564075","9.97318","10","9.323349908","8.266133333","8.053665655","10","7.080755959","8.350138737","8.428403802","7.557666555","6.997222222","7.661097526","1.77","2.66","9.642"
"2016","LBN","Lebanon","6.99","74","2","7.547058824","8.126968409","10","9","8.668506808","3.421974182","2.920127114","5.302693843","3.333333333","6.666666667","3.159425561","7.418029625","4.09439683","4.5065701","0.743589744","3.954385717","9.985386151","8.955433987","9.8372","10","9.694505034","7.826311111","4.146227865","10","5.290418499","6.815739369","5","7.527764013","4.948146976","5.825303663","1.53","-1.217","0"
"2016","LSO","Lesotho","6.38","114","3","2.635294118","8.893185364","0","8","4.882119871","4.592649142","4.117254813","4.41749692","6","","3.927906162","6.524771766","7.540193398","8.963398138","0.891891892","5.449082642","9.304440055","8.373269763","8.6782","5","7.838977455","4.7008","6.790448609","10","3.852129284","6.335844473","9.666666667","6.572391971","5.868246903","7.369101847","3.40","2.702","0"
"2016","LBR","Liberia","6.56","100","3","8.811764706","8.644688792","4","8","7.364113374","3.846913577","3.946575324","4.613500437","5","3.333333333","2.873356168","4.632218476","4.275360902","5.161047777","1","4.186922888","9.67848064","9.537137254","8.23322","10","9.362209474","7.138311111","2.276791334","10","5.337046178","6.188037156","4.5","6.237877828","6.350346658","5.696074829","-1.63","-4.065","0"
"2016","LBY","Libya","4.74","161","4","0","","","9.5","4.75","3.39827703","2.332075241","3.278082175","5","6.666666667","3.623947547","","1.672883951","2.451828377","0.804878049","3.206338892","7.00115728","1.058435607","4.58","10","5.659898222","","4.882104635","7.372262774","2.036957142","4.76377485","6.666666667","6.277288221","2.959459164","5.301138017","-7.39","-8.305","0"
"2016","LTU","Lithuania","7.86","13","1","5.567647059","6.365568148","10","7","7.233303802","5.357533297","3.685846528","5.5707105","8.333333333","6.666666667","6.242192341","9.670883679","6.20657444","6.761916478","1","6.499517474","7.960775313","9.581574194","9.819","10","9.340337377","8.266133333","7.663389812","10","6.837310589","8.191708434","9.84572855","6.578804159","7.682395934","8.035642881","2.56","3.867","7.861"
"2016","LUX","Luxembourg","7.6","25","1","1.305882353","3.87154227","7","4.5","4.169356156","8.640106518","7.243423859","8.855674267","10","10","7.456058655","6.17918671","8.69280974","8.090271155","1","8.350836767","7.969855756","9.331964596","9.94018","10","9.310500088","8.266133333","8.35119209","10","6.618798443","8.309030967","9.333333333","6.326613248","7.952823067","7.870923216","4.58","2.163","6.25"
"2016","MKD","Macedonia","7.13","68","2","6.058823529","4.554430961","6","8.5","6.278313623","3.456874322","3.741427866","5.11683583","5.8","","3.936617186","8.381146916","6.626016299","5.695883666","0.897435897","5.070281017","8.55025206","9.0232428","9.9522","5","8.131423715","8.241866667","7.690579357","10","5.892386011","7.956208009","9.591333333","7.242333276","7.77167656","8.201781057","-0.72","-0.426","1.9"
"2016","MDG","Madagascar","6.19","126","4","8.4","9.907356948","4","8.5","7.701839237","2.279502948","2.76892821","3.568184773","1.666666667","4.166666667","2.958421922","5.118803991","3.08586955","3.799470663","0.707317073","2.789804983","8.286046596","9.626866531","8.6692","5","7.895528282","6.850711111","4.59423244","10","5.373544774","6.704622081","7.390515577","4.502366753","5.61047368","5.834452003","3.99","1.292","0"
"2016","MWI","Malawi","5.86","139","4","6.864705882","9.367904687","2","6","6.058152642","5.151239237","3.667396108","4.826704263","5.833333333","4.166666667","2.332018505","8.170014633","4.663662115","4.42000707","0.945945946","4.673626155","7.616662024","8.620483541","5.6586","5","6.723936391","7.402311111","5.387847192","6.639712489","4.877727683","6.076899619","4.666666667","6.860813538","5.751541728","5.759673978","2.27","-0.593","0"
"2016","MYS","Malaysia","6.92","79","2","6.279411765","8.171940514","4","9","6.86283807","6.091441313","6.472616593","7.26519823","8.333333333","6.666666667","4.995259717","8.603820582","7.435615063","6.34804964","0.666666667","5.760370476","4.072238141","9.522497463","9.57448","0","5.792303901","7.356","6.974869261","10","5.817573417","7.537110669","9.640578687","8.011395265","8.216398876","8.622790943","4.45","2.972","3.45"
"2016","MLI","Mali","5.8","143","4","6.926470588","9.847864404","0","3","4.943583748","3.901501497","4.001641671","4.37067151","4.166666667","5","2.632466106","5.803227379","3.841991027","3.81780823","0.658536585","3.458599238","9.936640296","9.240315303","9.63992","0","7.2042189","7.601066667","4.839299899","10","5.059597773","6.874991085","8.704533764","5.044407843","5.845014389","6.531318665","5.95","2.883","0"
"2016","MLT","Malta","7.73","17","1","4.126470588","6.54294124","6","7","5.917352957","5.64056476","4.51360325","6.878979207","10","8.333333333","5.35237337","5.311780858","6.269021035","7.54658858","1","6.64958271","8.156197897","9.884055437","9.8846","10","9.481213334","8.266133333","8.167247574","10","7.251705391","8.421271575","9.825992001","8.021397098","6.653696023","8.167028374","5.83","3.31","4.7"
"2016","MRT","Mauritania","5.96","136","4","3.988235294","","6","6","5.329411765","3.087762595","1.958992482","2.607349555","4.6","","6.266496842","7.561865671","5.254525343","5.67541043","0.609756098","3.72380883","9.283909104","8.412120149","9.7028","5","8.099707313","7.384","3.752491972","10","2.621299343","5.939447829","8.506225475","5.900474611","5.731172524","6.712624203","1.26","-1.077","0"
"2016","MUS","Mauritius","8.01","8","1","6.679411765","8.361441248","6","9","7.510213253","6.584231058","5.684401592","6.483832995","8.8","","5.034199013","9.48148622","5.97076257","6.778548558","0.974358974","6.764334254","8.9328615","9.622268102","9.7954","10","9.587632401","9.410222222","7.247985696","10","7.042985717","8.425298409","9.300323163","6.355423795","7.586975979","7.747574312","3.84","3.786","7.3"
"2016","MEX","Mexico","6.9","82","3","7.308823529","6.354223433","10","8","7.915761741","3.172389667","2.98452576","4.957496723","5","2.5","5.889592943","7.425926656","2.407978375","2.806613048","1","4.127169241","8.493417905","9.497160573","9.4358","5","8.106594619","7.964444444","5.785476888","10","5.28845032","7.259592913","9.341539878","5.580268088","6.407296108","7.109701358","2.91","1.68","3.883"
"2016","MDA","Moldova","6.64","95","3","6.473529412","6.524017532","6","7","6.499386736","1.832148632","2.353257338","3.839514255","6.666666667","6.666666667","4.318054344","9.534471833","3.997172912","6.236871878","0.717948718","4.337326557","9.042936582","9.166548698","8.724","5","7.98337132","8.689511111","7.097618411","10","4.048331458","7.458865245","9.517987446","5.217966171","5.980310846","6.905421487","4.41","5.159","4.226"
"2016","MNG","Mongolia","7.4","48","2","5.370588235","7.628006602","10","9","7.999648709","3.283281723","3.766873478","4.416393438","8.333333333","6.666666667","5.786717868","9.111264408","5.314076742","6.740120252","0.871794872","5.554938942","9.392270065","8.269678896","9.8892","10","9.38778724","8.901333333","3.795451184","10","4.424346538","6.780282764","8.438620358","6.650568859","6.685700285","7.2582965","1.17","-0.847","10"
"2016","MNE","Montenegro","7.04","72","2","5.779411765","","8","7","6.926470588","4.318779707","4.038123886","5.005172888","6.7","","4.795719043","7.644076654","4.882881642","5.886982282","0.820512821","4.923546896","8.815265171","9.31022592","9.9458","5","8.267822773","8.252666667","7.530528279","10","6.861921562","8.161279127","6.666666667","7.428855775","6.719857764","6.938460069","2.95","2.933","0"
"2016","MAR","Morocco","6.37","115","3","4.429411765","7.294093257","8","4","5.930876255","4.587027232","4.249394734","6.16175731","6.666666667","6.666666667","5.010884975","7.480464857","7.606956958","6.934609413","0.756097561","5.401407689","9.667345476","9.526399057","9.67294","0","7.216671133","6.783111111","5.973438445","10","4.968630198","6.931294938","7.808957238","4.233941755","7.009899932","6.350932975","1.05","-0.014","9.4"
"2016","MOZ","Mozambique","5.5","149","4","3.438235294","9.022195761","6","6","6.115107764","3.14625144","2.748396397","4.492997725","6.666666667","5","0","7.56760319","3.040829102","3.991111517","0.948717949","3.96822373","7.374260863","8.476634915","8.0068","0","5.964423944","7.9436","5.473882749","10","2.151149423","6.392158043","6.333333333","3.132589155","5.784656393","5.083526294","3.82","1.031","0"
"2016","MMR","Myanmar","5.42","151","4","2.891176471","","7","9","6.297058824","2.696954403","2.733533833","3.409609506","3.333333333","5","1.870795505","7.04584874","3.095484076","3.939206292","0.926829268","3.545876002","7.848682952","9.466555077","8.60706","0","6.480574507","5.397333333","2.932546187","10","1.540364186","4.967560927","5.891333333","5.591607049","5.939363133","5.807434505","6.41","5.516","4"
"2016","NAM","Namibia","6.4","113","3","4.294117647","6.844743494","4","6","5.284715285","7.12889274","5.867875417","7.036504745","10","8.333333333","4.822626662","4.481024576","5.509706338","4.757371743","1","6.437481728","7.663695127","8.243828491","8.65762","0","6.141285904","5.616088889","5.581626409","10","4.224343273","6.355514643","8.816342107","8.188991797","6.26615233","7.757162078","-0.28","0.174","0"
"2016","NPL","Nepal","6.53","102","3","8.232352941","9.434413893","7","7","7.916691709","5.020822683","3.715533217","5.3576835","3.8","","3.371598438","8.308790636","5.286062558","5.260869662","0.837837838","4.608534674","8.095799677","9.404449683","8.242","0","6.43556234","5.982311111","5.916470901","10","4.641384284","6.635041574","9.333333333","5.820258009","6.000593808","7.05139505","0.59","-0.319","0"
"2016","NLD","Netherlands","7.71","18","1","1.217647059","3.514908674","8","3","3.933138933","9.075863362","7.249952555","8.684293428","10","10","5.138718524","7.947613359","8.554676373","6.791223685","1","8.160260143","8.292201446","9.785342911","9.93668","10","9.503556089","8.266133333","8.484350456","10","7.877864268","8.657087014","9.116120224","7.445073088","8.256771212","8.272654841","2.19","1.72","6.024"
"2016","NZL","New Zealand","8.49","3","1","4.620588235","6.286828584","8","7","6.476854205","9.514131547","7.47866114","8.844600518","10","9.166666667","7.18406154","9.948229639","9.070974192","7.230197588","1","8.715280315","8.832739908","9.205322169","9.783424","10","9.455371519","9.127555556","8.224098358","10","7.192229625","8.635970884","10","8.82776574","8.651580814","9.159782185","4.17","2.147","5.1"
"2016","NIC","Nicaragua","7.27","54","2","8.961764706","10","7","6","7.990441176","0.968992313","1.811996897","4.094202915","4.166666667","5.833333333","5.143385132","7.298086514","5.296296278","6.444444657","0.951219512","4.450667177","8.094951115","9.011716839","9.29602","10","9.100671988","8.459955556","5.594408549","10","7.215392895","7.81743925","9.453487516","6.027600577","5.525600267","7.002229453","4.56","3.485","4.481"
"2016","NER","Niger","6.01","131","4","6.538235294","9.839237057","6","5","6.844368088","","4.3","","3.333333333","3.333333333","4.027930423","7.201903645","","","0.648648649","3.659423094","8.782580864","9.318790791","9.96586","0","7.016807914","6.134238742","4.371021307","10","1.435558977","5.485204757","9.126628476","4.261926378","7.78649342","7.058349425","5.69","1.687","0"
"2016","NGA","Nigeria","6.32","118","3","9.47723803","9.867493736","2","7","7.086182942","4.375132322","3.038399617","4.627563158","3.333333333","3.333333333","4.47515801","5.246374545","3.262872298","3.44468236","0.846153846","3.603779382","8.961600304","9.021117374","6.8608","5","7.46087942","7.2412","3.147079945","8.446115288","4.782538647","5.90423347","8.656035123","8.94800014","5.090470308","7.56483519","-1.62","-4.169","13.375"
"2016","NOR","Norway","7.6","25","1","1.526470588","4.954059491","7","4.5","4.49513252","9.27011013","6.899097363","8.611489932","10","10","6.848528697","9.121524194","9.154444535","8.199858665","1","8.67833928","9.614939733","9.092169639","9.29","10","9.499277343","6.226666667","7.788105064","10","6.336453971","7.587806425","10","5.134820101","8.065446388","7.733422163","1.07","0.172","4.74"
"2016","OMN","Oman","6.76","89","3","0","8.134859664","0","10","4.533714916","6.091322898","5.576373737","7.414800327","8.333333333","8.333333333","5.040357704","8.054056014","8.759259383","8.800880908","0.609756098","5.938543854","9.478238189","5.900339633","9.7798","10","8.789594455","8.027555556","6.823846106","10","5.978900072","7.707575433","6.980841542","6.212445033","7.298674058","6.830653545","4.90","-1.162","0"
"2016","PAK","Pakistan","6","132","4","8.126470588","9.219277683","6","8","7.836437068","4.38096126","3.962908387","4.334803025","2.5","5","3.754394327","5.562326345","3.78082792","3.560699622","0.692307692","3.463300254","8.187106135","8.936357865","9.2496","0","6.593266","7.133111111","4.012630231","10","2.16162985","5.826842798","8.085288982","4.913770772","5.873803256","6.290954337","4.56","2.57","5.958"
"2016","PAN","Panama","7.58","27","1","6.397058824","8.555858311","8","6.5","7.363229284","2.973926067","3.247446219","6.3738211","8.333333333","5","2.691072412","8.785860187","5.748341083","5.263662338","0.948717949","5.241776593","9.668702765","9.26771796","9.8508","10","9.696805181","7.895848317","7.658044496","10","9.233427313","8.696830031","9.111259852","5.054958663","6.541994523","6.902737679","4.95","3.351","5.494"
"2016","PNG","Pap. New Guinea","6.25","122","4","4.523198452","7.664850136","8","5","6.297012147","4.269308436","4.1","4.115102361","7.5","5","1.010607601","6.929956467","3.069189181","3.043415102","0.897435897","4.115072446","9.207815266","7.559904985","8.66526","0","6.358245063","7.254311111","4.595100978","10","6.93327224","7.195671082","8.077682878","7.987881812","5.744827482","7.270130724","4.95","3.351","5.494"
"2016","PRY","Paraguay","6.95","76","2","7.388235294","8.850240164","8","8.5","8.184618864","1.824970643","2.309366266","4.456478755","2.5","3.333333333","4.074723631","8.538954848","2.833951712","4.696211815","1","3.840887889","9.04245502","8.905643861","9.18264","10","9.28268472","7.961866667","5.553456663","10","5.61072603","7.28151234","8.558596422","4.179869337","5.696261846","6.144909202","4.31","2.81","5.998"
"2016","PER","Peru","7.43","44","2","6.758823529","9.659719031","6","5.5","6.97963564","3.367999395","2.578500112","4.485447407","7.5","5","5.084941294","8.773508636","2.629039288","3.471374908","1","4.765645671","9.905325934","9.631965451","9.28086","10","9.704537846","9.173955556","5.73433796","10","7.99604875","8.226085566","9.293634163","6.931629568","6.240786746","7.488683492","4.05","2.937","6.742"
"2016","PHL","Philippines","7.34","49","2","7.9","9.095367847","10","7","8.498841962","4.264618953","3.230035305","5.441059272","4.166666667","4.166666667","3.116401178","7.925068367","3.976093928","4.299092293","0.897435897","4.27826495","8.605310592","9.438580359","9.64666","10","9.422637738","7.747866667","5.374414099","10","5.38680204","7.127270701","9.332072511","6.794622962","5.982803778","7.369833084","6.88","5.145","5.475"
"2016","POL","Poland","7.27","54","2","4.888235294","5.609294392","8","4","5.624382422","3.704773188","2.919246158","5.112249057","10","7.5","4.123415198","9.277711792","5.143005848","6.419945558","0.846153846","5.559009928","9.083963877","9.62969112","9.878066","10","9.647930249","8.266133333","7.951521887","10","5.435969801","7.913406255","8.829154802","7.141670411","6.787932898","7.586252704","3.06","3.168","6.161"
"2016","PRT","Portugal","7.51","36","1","5.420588235","4.719198936","10","2.5","5.659946793","6.52775526","3.022828698","6.152745883","10","8.333333333","5.297116834","7.58150873","7.851490975","8.045332432","1","6.979123572","7.926290505","9.598598502","9.878522","10","9.350852752","8.266133333","8.756808851","10","6.483006693","8.376487219","8.403558925","5.869857221","7.28051215","7.184642765","2.02","2.342","11.066"
"2016","QAT","Qatar","7.49","38","1","0","9.613647987","","10","6.537882662","7.171345552","7.252928813","7.658549945","6.666666667","8.333333333","4.85642951","9.655696541","8.861652215","9.022358258","0.615384615","6.235291357","9.745660927","5.548585767","9.4249","10","8.679786673","8.436311111","7.3079003","10","4.850372704","7.648646029","10","6.469661259","8.540734555","8.336798605","2.13","-4.886","0"
"2016","ROU","Romania","7.69","20","1","6.308823529","7.025733572","7","7","6.833639275","4.795878728","3.018834393","5.640152295","8.333333333","5.833333333","5.038344998","9.237416468","5.646742185","6.819165548","1","6.040355698","8.203500916","9.469986006","9.6924","10","9.34147173","8.266133333","8.010570222","10","7.489308742","8.441503074","9.788780308","7.370154365","6.171203096","7.77671259","4.80","5.41","5.902"
"2016","RUS","Russia","6.83","87","3","4.120588235","5.2292964","10","7.5","6.712471159","4.197311402","3.915076256","4.320523342","6.666666667","5","6.922299313","9.688567665","4.606658618","5.912367503","0.743589744","4.962398878","8.626469425","9.197752242","8.59006","10","9.103570417","6.937955556","5.718175758","10","4.698154575","6.838571472","7.90710423","5.513907262","6.182900234","6.534637242","0.29","0.081","5.525"
"2016","RWA","Rwanda","7.48","40","1","6.908823529","9.45915826","0","6.5","5.716995447","7.614716688","7.012629112","7.454308668","6.1","","3.73125763","9.834834214","8.709508578","8.295481205","0.951219512","7.164967817","9.251792375","9.276083036","8.855","10","9.345718853","7.049644444","5.357440907","10","5.653023717","7.015027267","7.739761382","8.519241665","8.230928412","8.163310486","5.98","3.493","0"
"2016","SAU","Saudi Arabia","6.52","103","3","0.7","","","10","5.35","6.99511369","5.685184399","6.753231685","8.333333333","8.333333333","4.460255988","9.971651144","8.146472772","7.309026718","0.414634146","5.186017585","9.69436431","7.093262702","9.2953","10","9.020731753","7.5724","3.782120251","10","2.247889034","5.900602321","7.281304382","6.91039032","7.226813965","7.139502889","1.67","-0.65","5.6"
"2016","SEN","Senegal","6.22","125","4","6.591176471","9.730965269","6","5","6.830535435","4.502584537","5.10411342","5.4525733","4.166666667","5","2.788290415","6.37769505","6.689991157","5.403493245","0.682926829","4.252700728","9.333597143","9.628901552","9.83306","0","7.198889674","7.3744","5.500410174","10","3.785341172","6.665037837","9.191888494","3.567838362","5.699178326","6.152968394","6.36","3.357","0"
"2016","SRB","Serbia","6.85","84","3","6.444117647","3.689298472","8","7.5","6.40835403","3.046192725","2.730669379","3.926936388","6.666666667","5.833333333","3.199945732","8.682724548","4.83220617","5.594917138","1","4.945954676","8.508403908","9.305290092","9.7756","5","8.1473235","8.315022222","7.379285464","10","4.712717053","7.601756185","8.129176179","6.89419799","6.440132031","7.154502067","3.34","3.883","15.917"
"2016","SYC","Seychelles","7.23","58","2","0","7.307387881","8","10","6.32684697","5.03546079","4.450354576","5.709219773","8.2","","4.064276714","7.075346502","5.851063728","5.567375818","0.974358974","5.670494453","7.732406514","8.478045944","9.7969","10","9.001838115","8.185422222","5.684543883","9.026217228","8.142616851","7.759700046","8","7.358245516","6.808913596","7.389053037","4.56","3.836","2.684"
"2016","SLE","Sierra Leone","5.75","144","4","8.570588235","10","4","5.5","7.017647059","3.206716378","3.295634588","4.28438584","4.166666667","5.833333333","4.183306561","5.391561338","4.040298065","4.535148938","0.846153846","3.993543765","7.815150715","7.135546946","7.8234","5","6.943524415","7.919111111","3.973698001","10","2.336268514","6.057269406","3.666666667","5.154918048","5.33672917","4.719437962","6.35","2.919","0"
"2016","SGP","Singapore","8.84","2","1","4.823529412","8.854173721","8","10","7.919425783","7.791729768","7.391490937","8.927309513","8.333333333","8.333333333","7.661021481","8.961690843","9.241012732","8.364574115","0.974358974","8.22709857","9.711728122","9.4356877","9.8995","10","9.761728956","10","8.680010952","10","8.484695691","9.291176661","10","7.669194407","9.272599991","8.980598133","3.24","1.913","2.075"
"2016","SVK","Slovak Rep","7.3","53","2","4.05","4.809322327","8","5.5","5.589830582","2.97900796","2.011313438","5.225345293","10","6.666666667","3.140705679","9.688162581","4.247194927","6.333305042","1","5.587966843","8.257661644","9.721346175","9.896","10","9.468751955","8.266133333","7.858526322","10","7.003463009","8.282030666","9.591354571","6.979694845","6.15633359","7.575794336","3.24","1.913","2.075"
"2016","SVN","Slovenia","7.05","71","2","4.120588235","4.98651143","8","2","4.776774916","4.530377785","3.145587444","5.631730557","9.166666667","7.5","4.228332095","8.40706527","7.115565142","7.705590725","0.948717949","6.217592011","8.209171462","9.875551767","9.98868","10","9.518350807","8.266133333","8.002853009","10","5.267134361","7.884030176","7.913211713","6.082033233","6.540444744","6.845229897","3.12","3.056","8.008"
"2016","ZAF","South Africa","6.65","94","3","4.185294118","7.990042722","8","4","6.04383421","6.51722749","5.447422266","5.858711402","8.333333333","3.333333333","3.925506183","7.067112134","3.598785798","2.59077986","1","5.185801311","8.893684386","9.699269375","8.7348","5","8.08193844","7.437333333","4.651350293","10","5.021162068","6.777461423","9.166821125","6.515086515","5.82292396","7.1682772","0.40","-1.109","26.725"
"2016","ESP","Spain","7.56","30","1","4.517647059","4.560500555","10","5","6.019536903","5.268001557","3.935998678","6.084128222","8.333333333","8.333333333","5.575964621","7.758620984","8.71231397","7.2295475","1","6.803471355","8.164989515","9.831322156","9.9596","10","9.488977918","8.266133333","8.073263579","10","5.861165841","8.050140688","9.323395523","6.168681143","6.78775876","7.426611809","3.03","3.052","19.635"
"2016","LKA","Sri Lanka","6.49","106","3","8.452941176","9.091303543","7","8.5","8.26106118","4.86371239","3.804041544","5.239989758","5","5.833333333","3.614643447","7.359711578","5.170000395","5.853353342","0.897435897","4.926880553","8.039273202","8.737118085","9.2026","0","6.494747822","5.911955556","5.852215507","10","1.799976561","5.891036906","7.5799238","6.425990078","6.647377215","6.884430365","4.49","3.319","4.4"
"2016","SDN","Sudan","5.36","153","4","9.823529412","","10","8.5","9.441176471","","3.5","","0","4.166666667","3.796927204","8.937459171","","","0.463414634","2.985519957","7.268192154","3.405167772","6.449934704","5","5.530823658","7.072","0.917159763","0","3.519402565","2.877140582","6.744687251","4.712646795","6.36943202","5.942255355","3.47","0.428","20.6"
"2016","SUR","Suriname","6.36","116","3","4.85","8.584782918","10","5","7.10869573","4.231635431","5.3","5.564618707","5","5","2.745757539","4.627291125","8.009479538","7.078947226","0.974358974","5.21644612","9.467712345","4.512391275","0","10","5.995025905","7.479288889","6.6960796","10","4.643449254","7.204704436","6.322","7.471358773","5.008237859","6.267198877","-5.56","-6.938","10"
"2016","SWZ","Swaziland","6.46","108","3","4.994117647","9.875389038","0","7","5.467376671","4.285714228","3.75","4.65277791","5.1","","1.591293744","7.269266228","7.43055582","7.133333683","0.692307692","4.359061132","7.981410381","9.508401796","8.432","5","7.730453044","4.680533333","7.873188181","10","5.508322817","7.015511083","8.776","7.770852617","6.635456453","7.727436356","-5.56","-6.938","10"
"2016","SWE","Sweden","7.44","43","2","0.841176471","4.641235241","8","1","3.620602928","8.535521825","6.74304684","8.272355398","9.166666667","10","4.977399611","8.454247017","7.233297825","6.964761417","1","7.816366289","7.726319881","9.840764878","9.80316","10","9.34256119","8.266133333","8.386810482","10","6.139970275","8.198228523","9.899788495","6.866278807","7.924396572","8.230154625","2.41","0.936","6.95"
"2016","CHE","Switzerland","8.39","4","1","6.4","6.302265359","10","7","7.42556634","9.191307227","7.759735187","9.234495163","10","8.333333333","5.162788105","9.598998829","9.269527595","7.925752003","1","8.497326383","9.921561139","9.853986203","9.9132","10","9.922186836","6.215555556","8.141465227","10","6.19084827","7.636967263","9.310578552","7.845246289","8.269914696","8.475246512","1.71","0.624","3.323"
"2016","SYR","Syria","5.02","157","4","6.819650937","8.967029973","2","7","6.196670228","3.10436513","3.2","5.855555534","3.333333333","7.5","3.219695307","4.0928366","5.9526745","6.109002789","0.463414634","3.444509203","9.478306481","0","1","10","5.11957662","5.231555556","4.031754591","8.585209003","1.801775551","4.912573675","5.585418752","5.846806402","4.901109371","5.444444842","0.00","0","0"
"2016","TWN","Taiwan","7.89","12","1","5.558823529","9.265677742","8","6","7.206125318","5.75346152","4.522240361","7.648681005","6.666666667","8.333333333","5.509127244","7.886393379","7.614914577","7.017658552","1","6.772497404","9.49079931","9.657538323","9.72","10","9.717084408","7.71142699","7.597050369","10","5.610361988","7.729709837","9.081199469","7.075175998","7.946847774","8.034407747","0.00","0","0"
"2016","TJK","Tajikistan","6.72","92","3","8.541204818","9.063487738","0","8.5","6.526173139","5.740431945","5.425497293","5.756878853","4","","5.674560361","8.300622615","6.370370388","6.462453207","0.717948718","5.124943241","8.208029129","8.318429782","8.7992","10","8.831414728","8.502755556","4.33713292","10","2.609283159","6.362292909","8.175652259","5.746970996","6.385046851","6.769223369","6.90","4.62","0"
"2016","TZA","Tanzania","6.92","79","2","6.364705882","9.894345061","7","6","7.314762736","4.742652973","4.715267618","5.142761072","6.666666667","8.333333333","5.71449012","7.024452654","5.62778155","5.123465857","0.918918919","5.659837689","9.923924794","8.995829084","8.96594","5","8.221423469","7.026","2.806977117","10","4.992258483","6.2063089","9.421909213","6.512973782","5.692047104","7.208976699","6.87","3.711","0"
"2016","THA","Thailand","6.85","84","3","4.347058824","9.223523916","6","7","6.642645685","5.129782358","4.431941509","5.153529643","3.333333333","4.166666667","6.272471398","7.468113305","5.086010297","5.186739763","0.846153846","4.741393669","9.835597278","9.750452914","9.96234","5","8.637097548","6.959111111","6.782771056","10","4.692085324","7.108491873","9.333333333","4.717367574","7.249522002","7.100074303","3.43","3.092","1"
"2016","TLS","Timor-Leste","6.55","101","3","0","7.477157104","7","10","6.119289276","3.850188266","3.216529876","2.997392829","5.7","","0","","4.292972477","4.733810622","1","3.541556296","7.464397818","7.456269348","9.75588","10","8.669136791","9.555555556","4.667024356","","6.901727163","7.041435692","9.5","6.690521099","6.014212665","7.401577922","3.55","1.203","0"
"2016","TGO","Togo","5.82","141","4","7.432352941","8.447262339","4","7","6.71990382","","4","","4.166666667","5","3.900700062","2.008727741","","","0.926829268","3.675637715","9.355289155","8.927306554","9.82912","0","7.027928927","7.169955556","3.292319818","10","1.214307694","5.419145767","7.512258848","4.168392051","7.15107165","6.27724085","5.56","2.928","0"
"2016","TTO","Trinidad & Tob.","6.73","91","3","6.962177808","8.418998307","0","7","5.595294029","5.81141154","3.234002591","5.448759397","8.333333333","3.333333333","2.964498047","6.243780052","3.161009947","2.883490722","0.974358974","4.542519459","9.718556709","7.098622504","9.38792","10","9.051274803","7.521866667","6.444505773","10","7.398088895","7.841115334","6","7.581051606","6.265427452","6.61549302","5.10","6.912","0"
"2016","TUN","Tunisia","6.29","121","3","5.311764706","6.411152109","7","4.5","5.805729204","4.698956807","4.116498629","5.83028396","6.666666667","8.333333333","4.881959393","7.25779119","5.566156705","5.266134738","0.804878049","5.276037704","9.343496122","9.646035885","9.2578","0","7.061833002","7.260177778","5.939279955","9.243353783","5.204075532","6.911721762","7.22383241","5.316133332","6.627981938","6.389315893","1.25","0.099","15.544"
"2016","TUR","Turkey","6.84","86","3","5.920588235","6.385131632","7","7","6.576429967","3.437319597","3.177842298","5.590815543","3.333333333","5","4.580553111","8.881571626","5.576922893","5.755081177","0.897435897","4.778738645","7.966541122","9.64030498","8.445","10","9.012961525","5.950711111","7.400737869","10","5.519882047","7.217832757","8.198419074","4.693918207","6.997500639","6.629945973","3.18","1.795","10.907"
"2016","UGA","Uganda","7.41","46","2","9.15","10","10","4","8.2875","4.031134048","4.148972829","5.066053867","3.333333333","5.833333333","4.869959497","8.18722719","4.7252357","4.081293345","0.923076923","4.730399908","9.347710878","6.334117527","8.9072","10","8.647257101","6.793511111","4.616962124","10","8.404392636","7.453716468","9.170259399","8.612699588","6.075612468","7.952857152","2.32","-0.668","0"
"2016","UKR","Ukraine","5.98","134","4","4.973529412","4.869888838","10","8.5","7.085854562","2.246535222","2.7062277","3.804157575","8.333333333","6.666666667","4.8026205","9.087032736","4.492178758","5.2126352","0.717948718","4.519291988","7.609485624","4.69342366","7.221","0","4.880977321","8.829333333","4.188406105","10","3.215464317","6.558300939","9.116298128","5.089809367","6.385128781","6.863745425","2.44","2.866","9.45"
"2016","ARE","Unit. Arab Em.","7.5","37","1","6.073529412","8.816880935","2","10","6.722602587","7.961847782","7.185040712","8.196999232","8.333333333","6.666666667","5.834939596","9.905908896","9.12233591","8.892095088","0.512195122","6.057111609","9.215373817","7.524056278","9.67644","10","9.103967524","8.684","7.992714452","10","6.248273586","8.231247009","6.700399902","6.963296096","8.490801375","7.384832458","2.44","2.866","9.45"
"2016","GBR","United Kingdom","8","9","1","5.211764706","5.445781185","8","4","5.664386473","8.910224438","7.134579023","8.829253515","10","8.333333333","4.394428077","8.015852455","8.351079623","6.67523702","1","7.849331943","9.76575551","9.736824604","9.87168","10","9.843565028","8.266133333","8.163398011","10","7.326789979","8.439080331","8.165769729","8.397936015","8.113997122","8.225900955","1.92","1.083","4.875"
"2016","USA","United States","8.03","6","1","6.714705882","5.990628844","8","5","6.426333682","7.517065207","7.287940979","7.862137158","6.666666667","8.333333333","5.446118366","8.890953497","8.224655787","6.337010065","1","7.396209007","9.7446426","9.899154398","9.7477","10","9.84787425","8.389111111","8.368280907","10","3.855921399","7.653328354","9.333835021","9.137463946","8.011500176","8.827599714","1.64","0.923","4.875"
"2016","URY","Uruguay","7.16","65","2","6.458823529","5.899395252","7","8","6.839554695","7.645800113","4.357136687","6.473771732","5.833333333","4.166666667","3.591065372","6.451671664","5.303614935","4.442086617","1","5.362794124","8.230570123","9.584613247","8.0722","10","8.971845842","7.7328","5.713218032","10","7.726774706","7.793198184","7.365061989","6.214696336","6.866119188","6.815292504","1.69","1.305","7.867"
"2016","VEN","Venezuela","2.88","162","4","6.985294118","5.773841962","0","6","4.68978402","0.216767192","0.641251305","1.149376035","0.833333333","1.666666667","2.383141833","8.12971931","1.395894488","1.610088348","1","2.00291539","2.76840426","0","0","5","1.942101065","7.467155556","1.964154243","0","3.693935982","3.281311445","3.333333333","2.107445804","2.009841296","2.483540144","-17.04","-17.293","20.863"
"2016","VNM","Vietnam","6.42","112","3","9.214705882","","","6","7.607352941","4.337769747","4.115264615","4.993180037","5","6.666666667","5.687988778","8.716067102","5.550994078","6.09489441","0.780487805","5.060821486","8.252161428","8.272372013","9.35124","0","6.46894336","7.556266667","5.308907652","10","2.239655443","6.27620744","8.953395404","5.254315229","5.896364731","6.701358455","6.69","5.565","2.33"
"2016","YEM","Yemen, Rep.","6.34","117","3","8.514705882","9.02039596","4","9","7.633775461","2.508196433","2.796219985","3.252800703","4.166666667","3.333333333","3.78080299","9.049234261","2.408899467","3.21432352","0.634146341","3.133065018","9.906749916","7.269562254","9","10","9.044078043","8.43","4.811525072","10","3.493863466","6.683847134","5","6.522810147","4.159381268","5.227397138","-9.38","-12.015","0"
"2016","ZMB","Zambia","6.61","97","3","4.758823529","10","4","5.5","6.064705882","4.005428553","3.812963367","5.597120127","8.333333333","6.666666667","3.508418602","5.895293064","4.508759578","5.677977403","1","5.333995633","8.067193515","8.558390116","6.42602","10","8.262900908","5.330266667","3.850720638","10","8.707998777","6.97224652","7.516936533","5.545247939","6.17471881","6.412301094","3.76","0.623","0"
"2016","ZWE","Zimbabwe","6.06","127","4","4.585294118","10","6","4","6.146323529","3.30851674","3.347216049","2.5682501","3.333333333","5","2.374700829","6.821422047","4.095267455","5.719347","0.846153846","3.750569595","9.369522372","9.13541554","9.68806","5","8.298249478","4.810311111","3.316497934","10","4.118611595","5.56135516","9.104015018","6.123364141","4.415956014","6.547778391","0.74","-0.809","0"
